int id	PHI-base acc	curation date	obsolete ref id	obsolete ref new accession	obsolete ref old accession	int_path_gene_mut int_id	int_path_gene_mut path_gene_id	path_gene_mutant_id	path_gene_mutant path_gene_id	path_gene_mutant ncbi_taxon_id	uniprot_accession	path_gene id	path_gene ncbi_taxon_id	path_gene gene_name	int_lit int_id	int_lit PubMed ID	int_host id	int_host int_id	int_host ncbi_taxon_id	int_cur int_id	int_cur cur_id	curator id	curator init	curator name	curator org_id	cur_org id	cur_org name	sp_expert taxon_id	sp_expert curator_id
1	PHI:I1	2014-12-07	1	PHI:I1	PHI:355	1	1	1	1	5518	I1RNS1	POO:0000002	1	5518	GzmetE	1	15378266	1	1	4564	1	1	1	MU	Martin Urban	1	1	Rothamsted Research	5518	1	
11	PHI:I11	2014-12-07	11	PHI:I11	PHI:733	11	11	11	11	5518	I1REK5	POO:0000002	11	5518	FBP1	11	17302802	11	11	112509	11	24	24	AC	Alayne Cuzick	1	1	Rothamsted Research	5518	1	
12	PHI:I12	2014-12-07	12	PHI:I12	PHI:861	12	12	12	12	5518	I1S095	POO:0000002	12	5518	RAS2	12	17555271	12	12	4577	12	24	24	AC	Alayne Cuzick	1	1	Rothamsted Research	5518	1	
13	PHI:I13	2014-12-07	13	PHI:I13	PHI:861	13	12	12	12	5518	I1S095	POO:0000002	12	5518	RAS2	13	17555271	13	13	4564	13	24	24	AC	Alayne Cuzick	1	1	Rothamsted Research	5518	1	
14	PHI:I14	2014-12-07	14	PHI:I14	PHI:1004	14	13	13	13	5518	I1RZQ2	POO:0000001	13	5518	STE7	14	17253976	14	14	4564	14	24	24	AC	Alayne Cuzick	1	1	Rothamsted Research	5518	1	
15	PHI:I15	2014-12-07	15	PHI:I15	PHI:1004	15	13	13	13	5518	I1RZQ2	POO:0000001	13	5518	STE7	15	17253976	15	15	4081	15	24	24	AC	Alayne Cuzick	1	1	Rothamsted Research	5518	1	
16	PHI:I16	2014-12-07	16	PHI:I16	PHI:1005	16	14	14	14	5518	P0C431	POO:0000003	14	5518	FgHOG1	16	17253976	16	16	4564	16	24	24	AC	Alayne Cuzick	1	1	Rothamsted Research	5518	1	
17	PHI:I17	2014-12-07	17	PHI:I17	PHI:1005	17	14	14	14	5518	P0C431	POO:0000003	14	5518	FgHOG1	17	17253976	17	17	4081	17	24	24	AC	Alayne Cuzick	1	1	Rothamsted Research	5518	1	
18	PHI:I18	2014-12-07	18	PHI:I18	PHI:1006	18	15	15	15	5518	I1RXX1	POO:0000002	15	5518	HMR1	18	16377218	18	18	4564	18	24	24	AC	Alayne Cuzick	1	1	Rothamsted Research	5518	1	
19	PHI:I19	2014-12-07	19	PHI:I19	PHI:1007	19	16	16	16	5518	I1RIV2	POO:0000002	16	5518	NPS6	19	17056706	19	19	4564	19	24	24	AC	Alayne Cuzick	1	1	Rothamsted Research	5518	1	
20	PHI:I20	2014-12-07	20	PHI:I20	PHI:1012	20	17	17	17	5518	I1RNF9	POO:0000003	17	5518	GzGPA1	20	18227243	20	20	112509	20	24	24	AC	Alayne Cuzick	1	1	Rothamsted Research	5518	1	
21	PHI:I21	2014-12-07	21	PHI:I21	PHI:1013	21	18	18	18	5518	I1RYZ7	POO:0000002	18	5518	GzGPA2	21	18227243	21	21	112509	21	24	24	AC	Alayne Cuzick	1	1	Rothamsted Research	5518	1	
22	PHI:I22	2014-12-07	22	PHI:I22	PHI:1014	22	19	19	19	5518	I1RZX9	POO:0000003	19	5518	GzGPA3	22	18227243	22	22	112509	22	24	24	AC	Alayne Cuzick	1	1	Rothamsted Research	5518	1	
23	PHI:I23	2014-12-07	23	PHI:I23	PHI:1015	23	20	20	20	5518	I1RJS2	POO:0000002	20	5518	GzGPB1	23	18227243	23	23	112509	23	24	24	AC	Alayne Cuzick	1	1	Rothamsted Research	5518	1	
24	PHI:I24	2014-12-07	24	PHI:I24	PHI:1016	24	21	21	21	5518	FG05484	POO:0000001	21	5518	STE11	24	17253976	24	24	4564	24	24	24	AC	Alayne Cuzick	1	1	Rothamsted Research	5518	1	
25	PHI:I25	2014-12-07	25	PHI:I25	PHI:1016	25	21	21	21	5518	FG05484	POO:0000001	21	5518	STE11	25	17253976	25	25	4081	25	24	24	AC	Alayne Cuzick	1	1	Rothamsted Research	5518	1	
26	PHI:I26	2014-12-07	26	PHI:I26	PHI:1078	26	22	22	22	5518	I1RRG0	POO:0000002	22	5518	Mes1	26	18339563	26	26	4564	26	24	24	AC	Alayne Cuzick	1	1	Rothamsted Research	5518	1	
27	PHI:I27	2014-12-07	27	PHI:I27	PHI:1079	27	23	23	23	5518	I1RWL9	POO:0000003	23	5518	Pls1	27	18339563	27	27	4564	27	24	24	AC	Alayne Cuzick	1	1	Rothamsted Research	5518	1	
30	PHI:I30	2014-12-07	30	PHI:I30	PHI:1086	30	25	25	25	5518	I1RA89	POO:0000002	25	5518	FGSG_00416	30	18926918	30	30	4564	30	24	24	AC	Alayne Cuzick	1	1	Rothamsted Research	5518	1	
31	PHI:I31	2014-12-07	31	PHI:I31	PHI:1087	31	26	26	26	5518	I1RKU0	POO:0000003	26	5518	FGSG_04510	31	18926918	31	31	4564	31	24	24	AC	Alayne Cuzick	1	1	Rothamsted Research	5518	1	
32	PHI:I32	2014-12-07	32	PHI:I32	PHI:1088	32	27	27	27	5518	I1RZC6	POO:0000003	27	5518	FGSG_09759	32	18926918	32	32	4564	32	24	24	AC	Alayne Cuzick	1	1	Rothamsted Research	5518	1	
33	PHI:I33	2014-12-07	33	PHI:I33	PHI:1089	33	28	28	28	5518	I1RFR2	POO:0000002	28	5518	FGSG_02549	33	18926918	33	33	4564	33	24	24	AC	Alayne Cuzick	1	1	Rothamsted Research	5518	1	
34	PHI:I34	2014-12-07	34	PHI:I34	PHI:1090	34	29	29	29	5518	I1S042	POO:0000002	29	5518	FGSG_10057	34	18926918	34	34	4564	34	24	24	AC	Alayne Cuzick	1	1	Rothamsted Research	5518	1	
35	PHI:I35	2014-12-07	35	PHI:I35	PHI:1091	35	30	30	30	5518	I1RWQ7	POO:0000003	30	5518	FGSG_08737	35	18926918	35	35	4564	35	24	24	AC	Alayne Cuzick	1	1	Rothamsted Research	5518	1	
36	PHI:I36	2014-12-07	36	PHI:I36	PHI:1092	36	31	31	31	5518	I1S7D0	POO:0000002	31	5518	FGSG_12753	36	18926918	36	36	4564	36	24	24	AC	Alayne Cuzick	1	1	Rothamsted Research	5518	1	
37	PHI:I37	2014-12-07	37	PHI:I37	PHI:1093	37	32	32	32	5518	I1REI8	POO:0000002	32	5518	FGSG_02077	37	18926918	37	37	4564	37	24	24	AC	Alayne Cuzick	1	1	Rothamsted Research	5518	1	
38	PHI:I38	2014-12-07	38	PHI:I38	PHI:1094	38	33	33	33	5518	I1RL30	POO:0000003	33	5518	FGSG_04610	38	18926918	38	38	4564	38	24	24	AC	Alayne Cuzick	1	1	Rothamsted Research	5518	1	
39	PHI:I39	2014-12-07	39	PHI:I39	PHI:1095	39	34	34	34	5518	I1RZQ3	POO:0000003	34	5518	FGSG_09905	39	18926918	39	39	4564	39	24	24	AC	Alayne Cuzick	1	1	Rothamsted Research	5518	1	
40	PHI:I40	2014-12-07	40	PHI:I40	PHI:1096	40	35	35	35	5518	I1RSE4	POO:0000003	35	5518	FGSG_07062	40	18926918	40	40	4564	40	24	24	AC	Alayne Cuzick	1	1	Rothamsted Research	5518	1	
41	PHI:I41	2014-12-07	41	PHI:I41	PHI:1097	41	36	36	36	5518	I1RE92	POO:0000002	36	5518	FGSG_01974	41	18926918	41	41	4564	41	24	24	AC	Alayne Cuzick	1	1	Rothamsted Research	5518	1	
42	PHI:I42	2014-12-07	42	PHI:I42	PHI:1098	42	37	37	37	5518	I1S5A1	POO:0000002	37	5518	FGSG_12019	42	18926918	42	42	4564	42	24	24	AC	Alayne Cuzick	1	1	Rothamsted Research	5518	1	
43	PHI:I43	2014-12-07	43	PHI:I43	PHI:1168	43	38	38	38	5518	I1RCN2	POO:0000002	38	5518	HDF1	43	21138346	43	43	4564	43	1	1	MU	Martin Urban	1	1	Rothamsted Research	5518	1	
44	PHI:I44	2014-12-07	44	PHI:I44	PHI:1169	44	39	39	39	5518	I1RKC4	POO:0000002	39	5518	HDF2	44	21138346	44	44	4564	44	1	1	MU	Martin Urban	1	1	Rothamsted Research	5518	1	
45	PHI:I45	2014-12-07	45	PHI:I45	PHI:1170	45	40	40	40	5518	I1RNQ2	POO:0000003	40	5518	HDF3	45	21138346	45	45	4564	45	1	1	MU	Martin Urban	1	1	Rothamsted Research	5518	1	
46	PHI:I46	2014-12-07	46	PHI:I46	PHI:1175	46	41	41	41	5518	I1RKR8	POO:0000002	41	5518	Sc Srb10 homolog	46	22216007	46	46	4564	46	1	1	MU	Martin Urban	1	1	Rothamsted Research	5518	1	
47	PHI:I47	2014-12-07	47	PHI:I47	PHI:1176	47	42	42	42	5518	I1RNG8	POO:0000002	42	5518	Sc Atg1 homolog	47	22216007	47	47	4564	47	1	1	MU	Martin Urban	1	1	Rothamsted Research	5518	1	
48	PHI:I48	2014-12-07	48	PHI:I48	PHI:1177	48	43	43	43	5518	I1RKH9	POO:0000002	43	5518	Sc Fpk1 homolog	48	22216007	48	48	4564	48	1	1	MU	Martin Urban	1	1	Rothamsted Research	5518	1	
49	PHI:I49	2014-12-07	49	PHI:I49	PHI:1178	49	44	44	44	5518	I1RW16	POO:0000002	44	5518	Sc Cdc28 homolog	49	22216007	49	49	4564	49	1	1	MU	Martin Urban	1	1	Rothamsted Research	5518	1	
50	PHI:I50	2014-12-07	50	PHI:I50	PHI:1179	50	45	45	45	5518	I1RZQ2	POO:0000002	45	5518	Sc Ste7 homolog	50	22216007	50	50	4564	50	1	1	MU	Martin Urban	1	1	Rothamsted Research	5518	1	
51	PHI:I51	2014-12-07	51	PHI:I51	PHI:1180	51	46	46	46	5518	I1RS32	POO:0000002	46	5518	Sc Sat4 homolog	51	22216007	51	51	4564	51	1	1	MU	Martin Urban	1	1	Rothamsted Research	5518	1	
52	PHI:I52	2014-12-07	52	PHI:I52	PHI:1181	52	47	47	47	5518	I1RNY7	POO:0000002	47	5518	Sc Kic1 homolog	52	22216007	52	52	4564	52	1	1	MU	Martin Urban	1	1	Rothamsted Research	5518	1	
53	PHI:I53	2014-12-07	53	PHI:I53	PHI:1182	53	48	48	48	5518	I1S8Y9	POO:0000002	48	5518	Sc Mec1 homolog	53	22216007	53	53	4564	53	1	1	MU	Martin Urban	1	1	Rothamsted Research	5518	1	
54	PHI:I54	2014-12-07	54	PHI:I54	PHI:1183	54	49	49	49	5518	I1RRX7	POO:0000002	49	5518	Sc Cmk1/Cmk2)	54	22216007	54	54	4564	54	1	1	MU	Martin Urban	1	1	Rothamsted Research	5518	1	
55	PHI:I55	2014-12-07	55	PHI:I55	PHI:1184	55	50	50	50	5518	I1RWM5	POO:0000002	50	5518	Sc Gin4-like homolog	55	22216007	55	55	4564	55	1	1	MU	Martin Urban	1	1	Rothamsted Research	5518	1	
56	PHI:I56	2014-12-07	56	PHI:I56	PHI:1185	56	51	51	51	5518	I1S0J9	POO:0000002	51	5518	Sc Swe1 homolog	56	22216007	56	56	4564	56	1	1	MU	Martin Urban	1	1	Rothamsted Research	5518	1	
57	PHI:I57	2014-12-07	57	PHI:I57	PHI:1186	57	52	52	52	5518	I1S0Y9	POO:0000002	52	5518	Sc Cdc15 homolog	57	22216007	57	57	4564	57	1	1	MU	Martin Urban	1	1	Rothamsted Research	5518	1	
58	PHI:I58	2014-12-07	58	PHI:I58	PHI:1187	58	53	53	53	5518	I1RWG6	POO:0000002	53	5518	Sc Dbf2/Dbf20 homolog	58	22216007	58	58	4564	58	1	1	MU	Martin Urban	1	1	Rothamsted Research	5518	1	
59	PHI:I59	2014-12-07	59	PHI:I59	PHI:1188	59	54	54	54	5518	I1RDE5	POO:0000002	54	5518	Sc Sak1 homolog	59	22216007	59	59	4564	59	1	1	MU	Martin Urban	1	1	Rothamsted Research	5518	1	
60	PHI:I60	2014-12-07	60	PHI:I60	PHI:1189	60	55	55	55	5518	I1RQN9	POO:0000002	55	5518	Gpmk1 homolog	60	22216007	60	60	4564	60	1	1	MU	Martin Urban	1	1	Rothamsted Research	5518	1	
61	PHI:I61	2014-12-07	61	PHI:I61	PHI:1190	61	56	56	56	5518	I1RWL6	POO:0000002	56	5518	Sc Pbs2 homolog	61	22216007	61	61	4564	61	1	1	MU	Martin Urban	1	1	Rothamsted Research	5518	1	
62	PHI:I62	2014-12-07	62	PHI:I62	PHI:1192	62	57	57	57	5518	I1RLX6	POO:0000002	57	5518	Sc  Cak1 homolog	62	22216007	62	62	4564	62	1	1	MU	Martin Urban	1	1	Rothamsted Research	5518	1	
63	PHI:I63	2014-12-07	63	PHI:I63	PHI:1193	63	58	58	58	5518	I1RGD6	POO:0000002	58	5518	Sc Sky1 homolog	63	22216007	63	63	4564	63	1	1	MU	Martin Urban	1	1	Rothamsted Research	5518	1	
64	PHI:I64	2014-12-07	64	PHI:I64	PHI:1194	64	59	59	59	5518	I1RT06	POO:0000002	59	5518	Sc Mkk1/Mkk2 homolog	64	22216007	64	64	4564	64	1	1	MU	Martin Urban	1	1	Rothamsted Research	5518	1	
65	PHI:I65	2014-12-07	65	PHI:I65	PHI:1195	65	60	60	60	5518	I1RQI2	POO:0000002	60	5518	Sc Bck1 homolog	65	22216007	65	65	4564	65	1	1	MU	Martin Urban	1	1	Rothamsted Research	5518	1	
66	PHI:I66	2014-12-07	66	PHI:I66	PHI:1196	66	61	61	61	5518	I1S0S6	POO:0000002	61	5518	Mgv1homolog	66	22216007	66	66	4564	66	1	1	MU	Martin Urban	1	1	Rothamsted Research	5518	1	
67	PHI:I67	2014-12-07	67	PHI:I67	PHI:1197	67	62	62	62	5518	I1RZP6	POO:0000002	62	5518	Snf1 homolog	67	22216007	67	67	4564	67	1	1	MU	Martin Urban	1	1	Rothamsted Research	5518	1	
68	PHI:I68	2014-12-07	68	PHI:I68	PHI:1198	68	63	63	63	5518	I1RA81	POO:0000002	63	5518	Sc Ssk2/Ssk22 homolog	68	22216007	68	68	4564	68	1	1	MU	Martin Urban	1	1	Rothamsted Research	5518	1	
69	PHI:I69	2014-12-07	69	PHI:I69	PHI:1199	69	64	64	64	5518	I1RSW5	POO:0000002	64	5518	Sc Tpk2 homolog	69	22216007	69	69	4564	69	1	1	MU	Martin Urban	1	1	Rothamsted Research	5518	1	
70	PHI:I70	2014-12-07	70	PHI:I70	PHI:1200	70	65	65	65	5518	I1RT36	POO:0000002	65	5518	Gsk3 homolog	70	22216007	70	70	4564	70	1	1	MU	Martin Urban	1	1	Rothamsted Research	5518	1	
71	PHI:I71	2014-12-07	71	PHI:I71	PHI:1201	71	66	66	66	5518	Q4HYC1	POO:0000002	66	5518	Bud32 homolog	71	22216007	71	71	4564	71	1	1	MU	Martin Urban	1	1	Rothamsted Research	5518	1	
72	PHI:I72	2014-12-07	72	PHI:I72	PHI:1202	72	67	67	67	5518	I1RS48	POO:0000002	67	5518	Sc Cla4 homolog	72	22216007	72	72	4564	72	1	1	MU	Martin Urban	1	1	Rothamsted Research	5518	1	
73	PHI:I73	2014-12-07	73	PHI:I73	PHI:1203	73	68	68	68	5518	I1S050	POO:0000002	68	5518	Sc Yck1/2/3 homolog	73	22216007	73	73	4564	73	1	1	MU	Martin Urban	1	1	Rothamsted Research	5518	1	
74	PHI:I74	2014-12-07	74	PHI:I74	PHI:1204	74	69	69	69	5518	I1RC85	POO:0000002	69	5518	Sc Cbk1 homolog	74	22216007	74	74	4564	74	1	1	MU	Martin Urban	1	1	Rothamsted Research	5518	1	
75	PHI:I75	2014-12-07	75	PHI:I75	PHI:1205	75	70	70	70	5518	I1RA39	POO:0000002	70	5518	Sc CDC15 homolog	75	22216007	75	75	4564	75	1	1	MU	Martin Urban	1	1	Rothamsted Research	5518	1	
76	PHI:I76	2014-12-07	76	PHI:I76	PHI:1206	76	71	71	71	5518	I1RJM8	POO:0000002	71	5518	Sp Prp4 homolog	76	22216007	76	76	4564	76	1	1	MU	Martin Urban	1	1	Rothamsted Research	5518	1	
77	PHI:I77	2014-12-07	77	PHI:I77	PHI:1207	77	72	72	72	5518	I1RY42	POO:0000002	72	5518	Sc Kin1/Kin2 homolog	77	22216007	77	77	4564	77	1	1	MU	Martin Urban	1	1	Rothamsted Research	5518	1	
78	PHI:I78	2014-12-07	78	PHI:I78	PHI:1208	78	73	73	73	5518	I1RAE5	POO:0000002	73	5518	Sc Sch9 homolog	78	22216007	78	78	4564	78	1	1	MU	Martin Urban	1	1	Rothamsted Research	5518	1	
79	PHI:I79	2014-12-07	79	PHI:I79	PHI:1209	79	74	74	74	5518	I1RLH1	POO:0000002	74	5518	FGSG_04770	79	22216007	79	79	4564	79	1	1	MU	Martin Urban	1	1	Rothamsted Research	5518	1	
80	PHI:I80	2014-12-07	80	PHI:I80	PHI:1210	80	75	75	75	5518	I1S077	POO:0000002	75	5518	FGSG_01058	80	22216007	80	80	4564	80	1	1	MU	Martin Urban	1	1	Rothamsted Research	5518	1	
81	PHI:I81	2014-12-07	81	PHI:I81	PHI:1211	81	76	76	76	5518	I1RRQ8	POO:0000002	76	5518	FGSG_06970	81	22216007	81	81	4564	81	1	1	MU	Martin Urban	1	1	Rothamsted Research	5518	1	
82	PHI:I82	2014-12-07	82	PHI:I82	PHI:1212	82	77	77	77	5518	I1RCJ5	POO:0000002	77	5518	FGSG_12149	82	22216007	82	82	4564	82	1	1	MU	Martin Urban	1	1	Rothamsted Research	5518	1	
83	PHI:I83	2014-12-07	83	PHI:I83	PHI:1214	83	78	78	78	5518	I1RN54	POO:0000002	78	5518	FGSG_07816	83	22216007	83	83	4564	83	1	1	MU	Martin Urban	1	1	Rothamsted Research	5518	1	
84	PHI:I84	2014-12-07	84	PHI:I84	PHI:1215	84	79	79	79	5518	I1RX56	POO:0000002	79	5518	FGSG_02838	84	22216007	84	84	4564	84	1	1	MU	Martin Urban	1	1	Rothamsted Research	5518	1	
85	PHI:I85	2014-12-07	85	PHI:I85	PHI:1216	85	80	80	80	5518	I1RT48	POO:0000002	80	5518	FGSG_06420	85	22216007	85	85	4564	85	1	1	MU	Martin Urban	1	1	Rothamsted Research	5518	1	
86	PHI:I86	2014-12-07	86	PHI:I86	PHI:1217	86	81	81	81	5518	1S4P4	POO:0000002	81	5518	FGSG_00792	86	22216007	86	86	4564	86	1	1	MU	Martin Urban	1	1	Rothamsted Research	5518	1	
87	PHI:I87	2014-12-07	87	PHI:I87	PHI:1218	87	82	82	82	5518	I1RAY2	POO:0000006	82	5518	FGSG_01559	87	22216007	87	87	4564	87	1	1	MU	Martin Urban	1	1	Rothamsted Research	5518	1	
88	PHI:I88	2014-12-07	88	PHI:I88	PHI:1219	88	83	83	83	5518	I1RC35	POO:0000006	83	5518	FGSG_05549	88	22216007	88	88	4564	88	1	1	MU	Martin Urban	1	1	Rothamsted Research	5518	1	
89	PHI:I89	2014-12-07	89	PHI:I89	PHI:1220	89	84	84	84	5518	I1RCF7	POO:0000006	84	5518	FGSG_02488	89	22216007	89	89	4564	89	1	1	MU	Martin Urban	1	1	Rothamsted Research	5518	1	
90	PHI:I90	2014-12-07	90	PHI:I90	PHI:1221	90	85	85	85	5518	I1RJM9	POO:0000006	85	5518	FGSG_03146	90	22216007	90	90	4564	90	1	1	MU	Martin Urban	1	1	Rothamsted Research	5518	1	
91	PHI:I91	2014-12-07	91	PHI:I91	PHI:1222	91	86	86	86	5518	I1RMV6	POO:0000006	86	5518	FGSG_00132	91	22216007	91	91	4564	91	1	1	MU	Martin Urban	1	1	Rothamsted Research	5518	1	
92	PHI:I92	2014-12-07	92	PHI:I92	PHI:1223	92	87	87	87	5518	I1RN31	POO:0000006	87	5518	FGSG_12887	92	22216007	92	92	4564	92	1	1	MU	Martin Urban	1	1	Rothamsted Research	5518	1	
93	PHI:I93	2014-12-07	93	PHI:I93	PHI:1224	93	88	88	88	5518	Q4IB89	POO:0000006	88	5518	FGSG_09150	93	22216007	93	93	4564	93	1	1	MU	Martin Urban	1	1	Rothamsted Research	5518	1	
94	PHI:I94	2014-12-07	94	PHI:I94	PHI:1225	94	89	89	89	5518	I1RP25	POO:0000006	89	5518	FGSG_12132	94	22216007	94	94	4564	94	1	1	MU	Martin Urban	1	1	Rothamsted Research	5518	1	
95	PHI:I95	2014-12-07	95	PHI:I95	PHI:1226	95	90	90	90	5518	I1RP88	POO:0000006	90	5518	FGSG_11614	95	22216007	95	95	4564	95	1	1	MU	Martin Urban	1	1	Rothamsted Research	5518	1	
96	PHI:I96	2014-12-07	96	PHI:I96	PHI:1227	96	91	91	91	5518	I1RPV7	POO:0000006	91	5518	FGSG_07742	96	22216007	96	96	4564	96	1	1	MU	Martin Urban	1	1	Rothamsted Research	5518	1	
97	PHI:I97	2014-12-07	97	PHI:I97	PHI:1228	97	92	92	92	5518	I1RR00	POO:0000006	92	5518	FGSG_07745	97	22216007	97	97	4564	97	1	1	MU	Martin Urban	1	1	Rothamsted Research	5518	1	
98	PHI:I98	2014-12-07	98	PHI:I98	PHI:1229	98	93	93	93	5518	I1RRB9	POO:0000006	93	5518	FGSG_02153	98	22216007	98	98	4564	98	1	1	MU	Martin Urban	1	1	Rothamsted Research	5518	1	
99	PHI:I99	2014-12-07	99	PHI:I99	PHI:1231	99	94	94	94	5518	Q4I5U9	POO:0000006	94	5518	FGSG_10591	99	22216007	99	99	4564	99	1	1	MU	Martin Urban	1	1	Rothamsted Research	5518	1	
100	PHI:I100	2014-12-07	100	PHI:I100	PHI:1232	100	95	95	95	5518	I1RTC2	POO:0000006	95	5518	FGSG_03499	100	22216007	100	100	4564	100	1	1	MU	Martin Urban	1	1	Rothamsted Research	5518	1	
101	PHI:I101	2014-12-07	101	PHI:I101	PHI:1233	101	96	96	96	5518	I1RUG2	POO:0000006	96	5518	FGSG_13944	101	22216007	101	101	4564	101	1	1	MU	Martin Urban	1	1	Rothamsted Research	5518	1	
102	PHI:I102	2014-12-07	102	PHI:I102	PHI:1234	102	97	97	97	5518	I1RV69	POO:0000006	97	5518	FGSG_07812	102	22216007	102	102	4564	102	1	1	MU	Martin Urban	1	1	Rothamsted Research	5518	1	
103	PHI:I103	2014-12-07	103	PHI:I103	PHI:1235	103	98	98	98	5518	I1RWQ2	POO:0000006	98	5518	FGSG_04416	103	22216007	103	103	4564	103	1	1	MU	Martin Urban	1	1	Rothamsted Research	5518	1	
104	PHI:I104	2014-12-07	104	PHI:I104	PHI:1236	104	99	99	74	5518	I1RYF8	POO:0000006	74	5518	FGSG_04770	104	22216007	104	104	4564	104	1	1	MU	Martin Urban	1	1	Rothamsted Research	5518	1	
105	PHI:I105	2014-12-07	105	PHI:I105	PHI:1237	105	100	100	75	5518	I1RZ37	POO:0000006	75	5518	FGSG_01058	105	22216007	105	105	4564	105	1	1	MU	Martin Urban	1	1	Rothamsted Research	5518	1	
106	PHI:I106	2014-12-07	106	PHI:I106	PHI:1238	106	101	101	76	5518	I1S1V3	POO:0000006	76	5518	FGSG_06970	106	22216007	106	106	4564	106	1	1	MU	Martin Urban	1	1	Rothamsted Research	5518	1	
107	PHI:I107	2014-12-07	107	PHI:I107	PHI:1239	107	102	102	77	5518	I1RFC7	POO:0000003	77	5518	FGSG_12149	107	22216007	107	107	4564	107	1	1	MU	Martin Urban	1	1	Rothamsted Research	5518	1	
108	PHI:I108	2014-12-07	108	PHI:I108	PHI:1240	108	103	103	99	5518	I1RWQ0	POO:0000003	99	5518	FGSG_05586	108	22216007	108	108	4564	108	1	1	MU	Martin Urban	1	1	Rothamsted Research	5518	1	
109	PHI:I109	2014-12-07	109	PHI:I109	PHI:1241	109	104	104	78	5518	I1RAE2	POO:0000003	78	5518	FGSG_07816	109	22216007	109	109	4564	109	1	1	MU	Martin Urban	1	1	Rothamsted Research	5518	1	
110	PHI:I110	2014-12-07	110	PHI:I110	PHI:1242	110	105	105	79	5518	I1RWG2	POO:0000003	79	5518	FGSG_02838	110	22216007	110	110	4564	110	1	1	MU	Martin Urban	1	1	Rothamsted Research	5518	1	
111	PHI:I111	2014-12-07	111	PHI:I111	PHI:1243	111	106	106	80	5518	I1RBW7	POO:0000003	80	5518	FGSG_06420	111	22216007	111	111	4564	111	1	1	MU	Martin Urban	1	1	Rothamsted Research	5518	1	
112	PHI:I112	2014-12-07	112	PHI:I112	PHI:1244	112	107	107	81	5518	I1RA20	POO:0000003	81	5518	FGSG_00792	112	22216007	112	112	4564	112	1	1	MU	Martin Urban	1	1	Rothamsted Research	5518	1	
113	PHI:I113	2014-12-07	113	PHI:I113	PHI:1245	113	108	108	82	5518	I1RTL1	POO:0000003	82	5518	FGSG_01559	113	22216007	113	113	4564	113	1	1	MU	Martin Urban	1	1	Rothamsted Research	5518	1	
114	PHI:I114	2014-12-07	114	PHI:I114	PHI:1246	114	109	109	83	5518	I1RYQ5	POO:0000003	83	5518	FGSG_05549	114	22216007	114	114	4564	114	1	1	MU	Martin Urban	1	1	Rothamsted Research	5518	1	
115	PHI:I115	2014-12-07	115	PHI:I115	PHI:1247	115	110	110	84	5518	I1S0G8	POO:0000003	84	5518	FGSG_02488	115	22216007	115	115	4564	115	1	1	MU	Martin Urban	1	1	Rothamsted Research	5518	1	
116	PHI:I116	2014-12-07	116	PHI:I116	PHI:1248	116	111	111	85	5518	I1RRU2	POO:0000003	85	5518	FGSG_03146	116	22216007	116	116	4564	116	1	1	MU	Martin Urban	1	1	Rothamsted Research	5518	1	
117	PHI:I117	2014-12-07	117	PHI:I117	PHI:1249	117	112	112	86	5518	I1RB79	POO:0000003	86	5518	FGSG_00132	117	22216007	117	117	4564	117	1	1	MU	Martin Urban	1	1	Rothamsted Research	5518	1	
118	PHI:I118	2014-12-07	118	PHI:I118	PHI:1250	118	113	113	87	5518	I1RS33	POO:0000003	87	5518	FGSG_12887	118	22216007	118	118	4564	118	1	1	MU	Martin Urban	1	1	Rothamsted Research	5518	1	
119	PHI:I119	2014-12-07	119	PHI:I119	PHI:1251	119	114	114	88	5518	I1RD19	POO:0000003	88	5518	FGSG_09150	119	22216007	119	119	4564	119	1	1	MU	Martin Urban	1	1	Rothamsted Research	5518	1	
120	PHI:I120	2014-12-07	120	PHI:I120	PHI:1252	120	115	115	89	5518	I1RP15	POO:0000003	89	5518	FGSG_12132	120	22216007	120	120	4564	120	1	1	MU	Martin Urban	1	1	Rothamsted Research	5518	1	
121	PHI:I121	2014-12-07	121	PHI:I121	PHI:1253	121	116	116	90	5518	I1RS57	POO:0000003	90	5518	FGSG_11614	121	22216007	121	121	4564	121	1	1	MU	Martin Urban	1	1	Rothamsted Research	5518	1	
122	PHI:I122	2014-12-07	122	PHI:I122	PHI:1254	122	117	117	91	5518	I1RDX3	POO:0000003	91	5518	FGSG_07742	122	22216007	122	122	4564	122	1	1	MU	Martin Urban	1	1	Rothamsted Research	5518	1	
123	PHI:I123	2014-12-07	123	PHI:I123	PHI:1255	123	118	118	92	5518	I1RQ67	POO:0000003	92	5518	FGSG_07745	123	22216007	123	123	4564	123	1	1	MU	Martin Urban	1	1	Rothamsted Research	5518	1	
124	PHI:I124	2014-12-07	124	PHI:I124	PHI:1256	124	119	119	93	5518	I1RAA6	POO:0000003	93	5518	FGSG_02153	124	22216007	124	124	4564	124	1	1	MU	Martin Urban	1	1	Rothamsted Research	5518	1	
125	PHI:I125	2014-12-07	125	PHI:I125	PHI:1257	125	120	120	100	5518	I1RSK0	POO:0000003	100	5518	FGSG_13509	125	22216007	125	125	4564	125	1	1	MU	Martin Urban	1	1	Rothamsted Research	5518	1	
126	PHI:I126	2014-12-07	126	PHI:I126	PHI:1258	126	121	121	94	5518	I1S5M8	POO:0000003	94	5518	FGSG_10591	126	22216007	126	126	4564	126	1	1	MU	Martin Urban	1	1	Rothamsted Research	5518	1	
127	PHI:I127	2014-12-07	127	PHI:I127	PHI:1259	127	122	122	95	5518	I1RNK3	POO:0000003	95	5518	FGSG_03499	127	22216007	127	127	4564	127	1	1	MU	Martin Urban	1	1	Rothamsted Research	5518	1	
128	PHI:I128	2014-12-07	128	PHI:I128	PHI:1260	128	123	123	96	5518	I1RUC7	POO:0000003	96	5518	FGSG_13944	128	22216007	128	128	4564	128	1	1	MU	Martin Urban	1	1	Rothamsted Research	5518	1	
129	PHI:I129	2014-12-07	129	PHI:I129	PHI:1261	129	124	124	97	5518	I1RGH4	POO:0000003	97	5518	FGSG_07812	129	22216007	129	129	4564	129	1	1	MU	Martin Urban	1	1	Rothamsted Research	5518	1	
130	PHI:I130	2014-12-07	130	PHI:I130	PHI:1262	130	125	125	98	5518	I1RQS1	POO:0000003	98	5518	FGSG_04416	130	22216007	130	130	4564	130	1	1	MU	Martin Urban	1	1	Rothamsted Research	5518	1	
131	PHI:I131	2014-12-07	131	PHI:I131	PHI:1263	131	126	126	74	5518	I1RB84	POO:0000003	74	5518	FGSG_04770	131	22216007	131	131	4564	131	1	1	MU	Martin Urban	1	1	Rothamsted Research	5518	1	
132	PHI:I132	2014-12-07	132	PHI:I132	PHI:1264	132	127	127	75	5518	I1RD70	POO:0000003	75	5518	FGSG_01058	132	22216007	132	132	4564	132	1	1	MU	Martin Urban	1	1	Rothamsted Research	5518	1	
133	PHI:I133	2014-12-07	133	PHI:I133	PHI:1265	133	128	128	76	5518	I1RNH0	POO:0000003	76	5518	FGSG_06970	133	22216007	133	133	4564	133	1	1	MU	Martin Urban	1	1	Rothamsted Research	5518	1	
134	PHI:I134	2014-12-07	134	PHI:I134	PHI:1266	134	129	129	77	5518	I1RH87	POO:0000003	77	5518	FGSG_12149	134	22216007	134	134	4564	134	1	1	MU	Martin Urban	1	1	Rothamsted Research	5518	1	
135	PHI:I135	2014-12-07	135	PHI:I135	PHI:1267	135	130	130	99	5518	I1RKK7	POO:0000003	99	5518	FGSG_05586	135	22216007	135	135	4564	135	1	1	MU	Martin Urban	1	1	Rothamsted Research	5518	1	
136	PHI:I136	2014-12-07	136	PHI:I136	PHI:1268	136	131	131	78	5518	I1RN43	POO:0000003	78	5518	FGSG_07816	136	22216007	136	136	4564	136	1	1	MU	Martin Urban	1	1	Rothamsted Research	5518	1	
137	PHI:I137	2014-12-07	137	PHI:I137	PHI:1269	137	132	132	79	5518	I1RFK9	POO:0000003	79	5518	FGSG_02838	137	22216007	137	137	4564	137	1	1	MU	Martin Urban	1	1	Rothamsted Research	5518	1	
138	PHI:I138	2014-12-07	138	PHI:I138	PHI:1270	138	133	133	80	5518	I1RHA1	POO:0000003	80	5518	FGSG_06420	138	22216007	138	138	4564	138	1	1	MU	Martin Urban	1	1	Rothamsted Research	5518	1	
139	PHI:I139	2014-12-07	139	PHI:I139	PHI:1271	139	134	134	81	5518	I1R9J1	POO:0000003	81	5518	FGSG_00792	139	22216007	139	139	4564	139	1	1	MU	Martin Urban	1	1	Rothamsted Research	5518	1	
140	PHI:I140	2014-12-07	140	PHI:I140	PHI:1272	140	135	135	82	5518	I1RYN5	POO:0000003	82	5518	FGSG_01559	140	22216007	140	140	4564	140	1	1	MU	Martin Urban	1	1	Rothamsted Research	5518	1	
141	PHI:I141	2014-12-07	141	PHI:I141	PHI:1273	141	136	136	83	5518	I1RCM6	POO:0000003	83	5518	FGSG_05549	141	22216007	141	141	4564	141	1	1	MU	Martin Urban	1	1	Rothamsted Research	5518	1	
142	PHI:I142	2014-12-07	142	PHI:I142	PHI:1274	142	137	137	84	5518	I1RME6	POO:0000003	84	5518	FGSG_02488	142	22216007	142	142	4564	142	1	1	MU	Martin Urban	1	1	Rothamsted Research	5518	1	
143	PHI:I143	2014-12-07	143	PHI:I143	PHI:1275	143	138	138	85	5518	I1S7R2	POO:0000003	85	5518	FGSG_03146	143	22216007	143	143	4564	143	1	1	MU	Martin Urban	1	1	Rothamsted Research	5518	1	
144	PHI:I144	2014-12-07	144	PHI:I144	PHI:1276	144	139	139	86	5518	I1RXS5	POO:0000003	86	5518	FGSG_00132	144	22216007	144	144	4564	144	1	1	MU	Martin Urban	1	1	Rothamsted Research	5518	1	
145	PHI:I145	2014-12-07	145	PHI:I145	PHI:1277	145	140	140	87	5518	I1S5L1	POO:0000003	87	5518	FGSG_12887	145	22216007	145	145	4564	145	1	1	MU	Martin Urban	1	1	Rothamsted Research	5518	1	
146	PHI:I146	2014-12-07	146	PHI:I146	PHI:1278	146	141	141	88	5518	I1S453	POO:0000003	88	5518	FGSG_09150	146	22216007	146	146	4564	146	1	1	MU	Martin Urban	1	1	Rothamsted Research	5518	1	
147	PHI:I147	2014-12-07	147	PHI:I147	PHI:1279	147	142	142	89	5518	I1RU59	POO:0000003	89	5518	FGSG_12132	147	22216007	147	147	4564	147	1	1	MU	Martin Urban	1	1	Rothamsted Research	5518	1	
148	PHI:I148	2014-12-07	148	PHI:I148	PHI:1280	148	143	143	90	5518	I1RU62	POO:0000003	90	5518	FGSG_11614	148	22216007	148	148	4564	148	1	1	MU	Martin Urban	1	1	Rothamsted Research	5518	1	
149	PHI:I149	2014-12-07	149	PHI:I149	PHI:1281	149	144	144	91	5518	I1REQ8	POO:0000003	91	5518	FGSG_07742	149	22216007	149	149	4564	149	1	1	MU	Martin Urban	1	1	Rothamsted Research	5518	1	
150	PHI:I150	2014-12-07	150	PHI:I150	PHI:1282	150	145	145	92	5518	I1S9H8	POO:0000003	92	5518	FGSG_07745	150	22216007	150	150	4564	150	1	1	MU	Martin Urban	1	1	Rothamsted Research	5518	1	
151	PHI:I151	2014-12-07	151	PHI:I151	PHI:1283	151	146	146	93	5518	I1S1I6	POO:0000003	93	5518	FGSG_02153	151	22216007	151	151	4564	151	1	1	MU	Martin Urban	1	1	Rothamsted Research	5518	1	
152	PHI:I152	2014-12-07	152	PHI:I152	PHI:1284	152	147	147	100	5518	I1RI73	POO:0000003	100	5518	FGSG_13509	152	22216007	152	152	4564	152	1	1	MU	Martin Urban	1	1	Rothamsted Research	5518	1	
153	PHI:I153	2014-12-07	153	PHI:I153	PHI:1285	153	148	148	94	5518	I1SAR3	POO:0000003	94	5518	FGSG_10591	153	22216007	153	153	4564	153	1	1	MU	Martin Urban	1	1	Rothamsted Research	5518	1	
154	PHI:I154	2014-12-07	154	PHI:I154	PHI:1286	154	149	149	95	5518	I1RUC3	POO:0000003	95	5518	FGSG_03499	154	22216007	154	154	4564	154	1	1	MU	Martin Urban	1	1	Rothamsted Research	5518	1	
155	PHI:I155	2014-12-07	155	PHI:I155	PHI:1287	155	150	150	96	5518	I1RT82	POO:0000003	96	5518	FGSG_13944	155	22216007	155	155	4564	155	1	1	MU	Martin Urban	1	1	Rothamsted Research	5518	1	
156	PHI:I156	2014-12-07	156	PHI:I156	PHI:1288	156	151	151	97	5518	I1RE83	POO:0000003	97	5518	FGSG_07812	156	22216007	156	156	4564	156	1	1	MU	Martin Urban	1	1	Rothamsted Research	5518	1	
157	PHI:I157	2014-12-07	157	PHI:I157	PHI:1289	157	152	152	98	5518	I1RKK5	POO:0000003	98	5518	FGSG_04416	157	22216007	157	157	4564	157	1	1	MU	Martin Urban	1	1	Rothamsted Research	5518	1	
158	PHI:I158	2014-12-07	158	PHI:I158	PHI:2294	158	153	153	101	5518	I1RCK7	POO:0000002	101	5518	FgFRP1	158	21722294	158	158	4564	158	25	25	RP	Rashmi Pant	2	2	Molecular Connections	5518	1	
159	PHI:I159	2014-12-07	159	PHI:I159	PHI:2294	159	153	153	101	5518	I1RCK7	POO:0000002	101	5518	FgFRP1	159	21722294	159	159	112509	159	25	25	RP	Rashmi Pant	2	2	Molecular Connections	5518	1	
160	PHI:I160	2014-12-07	160	PHI:I160	PHI:2385	160	154	154	102	5518	I1RTN5	POO:0000002	102	5518	MYT2	160	22649560	160	160	4564	160	25	25	RP	Rashmi Pant	2	2	Molecular Connections	5518	1	
161	PHI:I161	2014-12-07	161	PHI:I161	PHI:2385	161	154	154	102	5518	I1RTN5	POO:0000002	102	5518	MYT2	161	22649560	161	161	4564	161	25	25	RP	Rashmi Pant	2	2	Molecular Connections	5518	1	
162	PHI:I162	2014-12-07	162	PHI:I162	PHI:2386	162	155	155	103	5518	I1S7N4	POO:0000001	103	5518	ACL1	162	21237280	162	162	4564	162	25	25	RP	Rashmi Pant	2	2	Molecular Connections	5518	1	
163	PHI:I163	2014-12-07	163	PHI:I163	PHI:2386	163	155	155	103	5518	I1S7N4	POO:0000001	103	5518	ACL1	163	21237280	163	163	4564	163	25	25	RP	Rashmi Pant	2	2	Molecular Connections	5518	1	
164	PHI:I164	2014-12-07	164	PHI:I164	PHI:2387	164	156	156	104	5518	I1RPR1	POO:0000001	104	5518	ACL2	164	21237280	164	164	4564	164	25	25	RP	Rashmi Pant	2	2	Molecular Connections	5518	1	
165	PHI:I165	2014-12-07	165	PHI:I165	PHI:2393	165	157	157	105	5518	I1R980	POO:0000004	105	5518	Related to O-methylsterigmatocystin oxidoreductase	165	19888824	165	165	4564	165	25	25	RP	Rashmi Pant	2	2	Molecular Connections	5518	1	
166	PHI:I166	2014-12-07	166	PHI:I166	PHI:2393	166	157	157	105	5518	I1R980	POO:0000004	105	5518	Related to O-methylsterigmatocystin oxidoreductase	166	19888824	166	166	4564	166	25	25	RP	Rashmi Pant	2	2	Molecular Connections	5518	1	
167	PHI:I167	2014-12-07	167	PHI:I167	PHI:2394	167	158	158	106	5518	I1S104	POO:0000004	106	5518	Conserved hypothetical protein 	167	19888824	167	167	4564	167	25	25	RP	Rashmi Pant	2	2	Molecular Connections	5518	1	
168	PHI:I168	2014-12-07	168	PHI:I168	PHI:2395	168	159	159	107	5518	I1RBM2	POO:0000002	107	5518	GzSYN1	168	20102747	168	168	112514	168	25	25	RP	Rashmi Pant	2	2	Molecular Connections	5518	1	
169	PHI:I169	2014-12-07	169	PHI:I169	PHI:2396	169	160	160	108	5518	I1RZS5	POO:0000002	108	5518	GzSYN2	169	20102747	169	169	112514	169	25	25	RP	Rashmi Pant	2	2	Molecular Connections	5518	1	
170	PHI:I170	2014-12-07	170	PHI:I170	PHI:2399	170	161	161	109	5518	I1S5P3	POO:0000002	109	5518	Fgp1	170	22693448	170	170	4564	170	25	25	RP	Rashmi Pant	2	2	Molecular Connections	5518	1	
171	PHI:I171	2014-12-07	171	PHI:I171	PHI:2399	171	161	161	109	5518	I1S5P3	POO:0000002	109	5518	Fgp1	171	22693448	171	171	4564	171	25	25	RP	Rashmi Pant	2	2	Molecular Connections	5518	1	
172	PHI:I172	2014-12-07	172	PHI:I172	PHI:2399	172	161	161	109	5518	I1S5P3	POO:0000002	109	5518	Fgp1	172	22693448	172	172	4081	172	25	25	RP	Rashmi Pant	2	2	Molecular Connections	5518	1	
173	PHI:I173	2014-12-07	173	PHI:I173	PHI:2400	173	162	162	110	5518	I1S215	POO:0000003	110	5518	Fgp2	173	22693448	173	173	4564	173	25	25	RP	Rashmi Pant	2	2	Molecular Connections	5518	1	
174	PHI:I174	2014-12-07	174	PHI:I174	PHI:2400	174	162	162	110	5518	I1S215	POO:0000003	110	5518	Fgp2	174	22693448	174	174	4564	174	25	25	RP	Rashmi Pant	2	2	Molecular Connections	5518	1	
175	PHI:I175	2014-12-07	175	PHI:I175	PHI:2400	175	162	162	110	5518	I1S215	POO:0000003	110	5518	Fgp2	175	22693448	175	175	4081	175	25	25	RP	Rashmi Pant	2	2	Molecular Connections	5518	1	
176	PHI:I176	2014-12-07	176	PHI:I176	PHI:2418	176	163	163	111	5518	I1RKF3	POO:0000002	111	5518	CID1	176	19909822	176	176	4577	176	25	25	RP	Rashmi Pant	2	2	Molecular Connections	5518	1	
177	PHI:I177	2014-12-07	177	PHI:I177	PHI:2419	177	163	163	111	5518	I1RKF3	POO:0000002	111	5518	CID1	177	19909822	177	177	4564	177	25	25	RP	Rashmi Pant	2	2	Molecular Connections	5518	1	
178	PHI:I178	2014-12-07	178	PHI:I178	PHI:2427	178	164	164	112	5518	I1RCN9	POO:0000002	112	5518	FgVELB	178	22713714	178	178	4564	178	25	25	RP	Rashmi Pant	2	2	Molecular Connections	5518	1	
179	PHI:I179	2014-12-07	179	PHI:I179	PHI:2430	179	165	165	113	5518	I1RWG5	POO:0000002	113	5518	areA	179	22702217	179	179	4564	179	25	25	RP	Rashmi Pant	2	2	Molecular Connections	5518	1	
180	PHI:I180	2014-12-07	180	PHI:I180	PHI:2430	180	165	165	113	5518	I1RWG5	POO:0000002	113	5518	areA	180	22702217	180	180	4564	180	25	25	RP	Rashmi Pant	2	2	Molecular Connections	5518	1	
181	PHI:I181	2014-12-07	181	PHI:I181	PHI:2432	181	166	166	114	5518	I1RKA4	POO:0000002	114	5518	FgRgsA	181	22634273	181	181	4564	181	25	25	RP	Rashmi Pant	2	2	Molecular Connections	5518	1	
182	PHI:I182	2014-12-07	182	PHI:I182	PHI:2433	182	167	167	115	5518	I1RD16	POO:0000002	115	5518	FgRgsB	182	22634273	182	182	4564	182	25	25	RP	Rashmi Pant	2	2	Molecular Connections	5518	1	
183	PHI:I183	2014-12-07	183	PHI:I183	PHI:2434	183	168	168	116	5518	I1RQ89	POO:0000002	116	5518	FgFlbA	183	22634273	183	183	4564	183	25	25	RP	Rashmi Pant	2	2	Molecular Connections	5518	1	
184	PHI:I184	2014-12-07	184	PHI:I184	PHI:2451	184	169	169	117	5518	I1S3N8	POO:0000003	117	5518	FAEB1	184	22483046	184	184	4564	184	25	25	RP	Rashmi Pant	2	2	Molecular Connections	5518	1	
185	PHI:I185	2014-12-07	185	PHI:I185	PHI:2451	185	169	169	117	5518	I1S3N8	POO:0000003	117	5518	FAEB1	185	22483046	185	185	4564	185	25	25	RP	Rashmi Pant	2	2	Molecular Connections	5518	1	
186	PHI:I186	2014-12-07	186	PHI:I186	PHI:2452	186	170	170	118	5518	I1S2N6	POO:0000003	118	5518	FAED1	186	22483046	186	186	4564	186	25	25	RP	Rashmi Pant	2	2	Molecular Connections	5518	1	
187	PHI:I187	2014-12-07	187	PHI:I187	PHI:2452	187	170	170	118	5518	I1S2N6	POO:0000003	118	5518	FAED1	187	22483046	187	187	4564	187	25	25	RP	Rashmi Pant	2	2	Molecular Connections	5518	1	
188	PHI:I188	2014-12-07	188	PHI:I188	PHI:2491	188	171	171	119	5518	I1RJS9	POO:0000002	119	5518	FgPTC1	188	20447276	188	188	4564	188	25	25	RP	Rashmi Pant	2	2	Molecular Connections	5518	1	
189	PHI:I189	2014-12-07	189	PHI:I189	PHI:2502	189	172	172	120	5518	I1RM09 	POO:0000002	120	5518	FgTep1p	189	20618707	189	189	4564	189	25	25	RP	Rashmi Pant	2	2	Molecular Connections	5518	1	
190	PHI:I190	2014-12-07	190	PHI:I190	PHI:2704	190	173	173	121	5518	 F6MFB4	POO:0000002	121	5518	Tri12	190	22835271	190	190	4565	190	25	25	RP	Rashmi Pant	2	2	Molecular Connections	5518	1	
191	PHI:I191	2014-12-07	191	PHI:I191	PHI:2714	191	174	174	122	5518	I1RC71	POO:0000002	122	5518	PEX5	191	22913493	191	191	4565	191	25	25	RP	Rashmi Pant	2	2	Molecular Connections	5518	1	
192	PHI:I192	2014-12-07	192	PHI:I192	PHI:2715	192	175	175	123	5518	I1RNL3	POO:0000002	123	5518	PEX6 	192	22913493	192	192	4565	192	25	25	RP	Rashmi Pant	2	2	Molecular Connections	5518	1	
193	PHI:I193	2014-12-07	193	PHI:I193	PHI:2907	193	176	176	124	5518	I6YDU0	POO:0000003	124	5518	Cyp51A	193	23442154	193	193	4565	193	25	25	RP	Rashmi Pant	2	2	Molecular Connections	5518	1	
194	PHI:I194	2014-12-07	194	PHI:I194	PHI:2907	194	176	176	124	5518	I6YDU0	POO:0000003	124	5518	Cyp51A	194	23442154	194	194	4565	194	25	25	RP	Rashmi Pant	2	2	Molecular Connections	5518	1	
195	PHI:I195	2014-12-07	195	PHI:I195	PHI:2907	195	176	176	124	5518	I6YDU0	POO:0000003	124	5518	Cyp51A	195	23442154	195	195	3702	195	25	25	RP	Rashmi Pant	2	2	Molecular Connections	5518	1	
196	PHI:I196	2014-12-07	196	PHI:I196	PHI:2907	196	176	176	124	5518	I6YDU0	POO:0000003	124	5518	Cyp51A	196	23442154	196	196	3702	196	25	25	RP	Rashmi Pant	2	2	Molecular Connections	5518	1	
197	PHI:I197	2014-12-07	197	PHI:I197	PHI:2907	197	176	176	124	5518	I6YDU0	POO:0000003	124	5518	Cyp51A	197	23442154	197	197	4081	197	25	25	RP	Rashmi Pant	2	2	Molecular Connections	5518	1	
198	PHI:I198	2014-12-07	198	PHI:I198	PHI:2907	198	176	176	124	5518	I6YDU0	POO:0000003	124	5518	Cyp51A	198	23442154	198	198	4081	198	25	25	RP	Rashmi Pant	2	2	Molecular Connections	5518	1	
199	PHI:I199	2014-12-07	199	PHI:I199	PHI:2907	199	176	176	124	5518	I6YDU0	POO:0000003	124	5518	Cyp51A	199	23442154	199	199	3750	199	25	25	RP	Rashmi Pant	2	2	Molecular Connections	5518	1	
200	PHI:I200	2014-12-07	200	PHI:I200	PHI:2907	200	176	176	124	5518	I6YDU0	POO:0000003	124	5518	Cyp51A	200	23442154	200	200	3750	200	25	25	RP	Rashmi Pant	2	2	Molecular Connections	5518	1	
